,diagnosis,nova_idade,pregnancies
0,0,7.614596670934699,3.6839622641509435
1,1,11.999266862170087,3.820728291316527
